token_id,token_uri
1,44.json
2,320.json
3,313.json
4,297.json
5,169.json
6,171.json
7,209.json
8,13.json
9,457.json
10,28.json
11,147.json
12,59.json
13,334.json
14,51.json
15,102.json
16,271.json
17,299.json
18,20.json
19,69.json
20,380.json
21,200.json
22,67.json
23,389.json
24,26.json
25,87.json
26,444.json
27,45.json
28,302.json
29,48.json
30,424.json
31,164.json
32,127.json
33,301.json
34,393.json
35,336.json
36,289.json
37,268.json
38,53.json
39,100.json
40,316.json
41,81.json
42,86.json
43,261.json
44,255.json
45,328.json
46,226.json
47,249.json
48,435.json
49,75.json
50,315.json
51,238.json
52,3.json
53,384.json
54,148.json
55,143.json
56,30.json
57,388.json
58,256.json
59,378.json
60,230.json
61,443.json
62,136.json
63,224.json
64,235.json
65,281.json
66,259.json
67,61.json
68,95.json
69,464.json
70,329.json
71,436.json
72,40.json
73,70.json
74,467.json
75,285.json
76,323.json
77,404.json
78,277.json
79,96.json
80,381.json
81,191.json
82,229.json
83,128.json
84,413.json
85,437.json
86,318.json
87,12.json
88,429.json
89,239.json
90,363.json
91,134.json
92,121.json
93,64.json
94,33.json
95,108.json
96,474.json
97,459.json
98,205.json
99,222.json
100,72.json
101,204.json
102,310.json
103,182.json
104,401.json
105,107.json
106,202.json
107,373.json
108,294.json
109,154.json
110,304.json
111,327.json
112,27.json
113,206.json
114,43.json
115,83.json
116,122.json
117,73.json
118,456.json
119,391.json
120,298.json
121,63.json
122,212.json
123,460.json
124,451.json
125,241.json
126,116.json
127,308.json
128,333.json
129,133.json
130,287.json
131,262.json
132,6.json
133,331.json
134,440.json
135,342.json
136,131.json
137,124.json
138,21.json
139,279.json
140,266.json
141,111.json
142,398.json
143,208.json
144,232.json
145,472.json
146,361.json
147,39.json
148,163.json
149,383.json
150,175.json
151,454.json
152,355.json
153,216.json
154,274.json
155,439.json
156,340.json
157,55.json
158,445.json
159,367.json
160,151.json
161,450.json
162,173.json
163,201.json
164,157.json
165,109.json
166,395.json
167,242.json
168,295.json
169,253.json
170,80.json
171,188.json
172,282.json
173,257.json
174,37.json
175,466.json
176,7.json
177,93.json
178,32.json
179,213.json
180,300.json
181,236.json
182,354.json
183,314.json
184,375.json
185,101.json
186,36.json
187,231.json
188,210.json
189,319.json
190,74.json
191,469.json
192,65.json
193,156.json
194,430.json
195,372.json
196,120.json
197,155.json
198,290.json
199,215.json
200,344.json
201,176.json
202,161.json
203,132.json
204,462.json
205,414.json
206,359.json
207,181.json
208,71.json
209,427.json
210,453.json
211,346.json
212,400.json
213,123.json
214,423.json
215,293.json
216,433.json
217,448.json
218,330.json
219,418.json
220,341.json
221,184.json
222,186.json
223,407.json
224,153.json
225,317.json
226,233.json
227,284.json
228,338.json
229,223.json
230,452.json
231,23.json
232,220.json
233,273.json
234,106.json
235,386.json
236,115.json
237,150.json
238,305.json
239,410.json
240,269.json
241,425.json
242,366.json
243,89.json
244,19.json
245,324.json
246,118.json
247,252.json
248,458.json
249,406.json
250,247.json
251,325.json
252,79.json
253,471.json
254,193.json
255,397.json
256,260.json
257,416.json
258,258.json
259,270.json
260,38.json
261,394.json
262,185.json
263,234.json
264,390.json
265,207.json
266,403.json
267,158.json
268,41.json
269,326.json
270,348.json
271,219.json
272,130.json
273,438.json
274,347.json
275,267.json
276,177.json
277,54.json
278,441.json
279,221.json
280,250.json
281,174.json
282,9.json
283,187.json
284,18.json
285,78.json
286,84.json
287,56.json
288,447.json
289,14.json
290,408.json
291,365.json
292,291.json
293,62.json
294,66.json
295,434.json
296,137.json
297,296.json
298,461.json
299,149.json
300,199.json
301,144.json
302,357.json
303,280.json
304,337.json
305,392.json
306,31.json
307,113.json
308,339.json
309,442.json
310,402.json
311,160.json
312,409.json
313,463.json
314,126.json
315,446.json
316,309.json
317,307.json
318,411.json
319,265.json
320,362.json
321,167.json
322,125.json
323,263.json
324,303.json
325,183.json
326,145.json
327,8.json
328,237.json
329,152.json
330,135.json
331,225.json
332,412.json
333,197.json
334,283.json
335,311.json
336,104.json
337,10.json
338,52.json
339,278.json
340,312.json
341,57.json
342,92.json
343,382.json
344,387.json
345,240.json
346,374.json
347,1.json
348,306.json
349,428.json
350,420.json
351,351.json
352,470.json
353,142.json
354,214.json
355,349.json
356,449.json
357,139.json
358,47.json
359,288.json
360,35.json
361,396.json
362,272.json
363,82.json
364,217.json
365,60.json
366,432.json
367,162.json
368,264.json
369,159.json
370,419.json
371,352.json
372,49.json
373,42.json
374,68.json
375,431.json
376,196.json
377,85.json
378,190.json
379,15.json
380,98.json
381,376.json
382,379.json
383,251.json
384,165.json
385,180.json
386,203.json
387,377.json
388,358.json
389,114.json
390,473.json
391,16.json
392,371.json
393,248.json
394,335.json
395,178.json
396,254.json
397,170.json
398,97.json
399,146.json
400,99.json
401,422.json
402,110.json
403,385.json
404,228.json
405,244.json
406,138.json
407,58.json
408,198.json
409,129.json
410,172.json
411,345.json
412,22.json
413,292.json
414,245.json
415,343.json
416,465.json
417,194.json
418,360.json
419,112.json
420,29.json
421,417.json
422,34.json
423,46.json
424,77.json
425,332.json
426,4.json
427,88.json
428,455.json
429,368.json
430,117.json
431,140.json
432,468.json
433,192.json
434,356.json
435,415.json
436,364.json
437,17.json
438,24.json
439,141.json
440,321.json
441,50.json
442,421.json
443,370.json
444,322.json
445,103.json
446,399.json
447,5.json
448,353.json
449,76.json
450,90.json
451,11.json
452,276.json
453,91.json
454,369.json
455,275.json
456,105.json
457,119.json
458,218.json
459,168.json
460,94.json
461,246.json
462,286.json
463,227.json
464,243.json
465,2.json
466,166.json
467,179.json
468,405.json
469,350.json
470,25.json
471,426.json
472,189.json
473,211.json
474,195.json